sample_id,office,x,y,Heidi,Fritzy,ThorA,Cami,Urza,Charlie,Vito
sample_76,Janet,,,0.0,0.0,0.0,0.13333333333333333,0.0,0.0,
sample_77,Janet,,,0.0,0.017543859649122806,0.04,0.8943396226415095,0.0,0.031578947368421054,0.0
