sample_id,office,x,y,Heidi,Fritzy,ThorA,Cami,Urza,Charlie,Vito
sample_78,Johannes,,,0.0,,0.0,0.6153846153846154,0.0,0.0,0.0
sample_79,Johannes,,,0.0,0.3333333333333333,0.2857142857142857,0.06,0.07142857142857142,0.2222222222222222,0.0
