Sample,office,x,y,Heidi,Fritzy,Lily,ThorA,Cami,Urza,Charlie,Vito
sample_72,Main Entrance,1,,0.0,0.1111111111111111,0.2857142857142857,,0.07317073170731707,0.0,0.07865168539325842,0.0
sample_73,Main Entrance,2,,0.0,0.0,0.16666666666666666,0.16666666666666666,0.19480519480519481,0.0,0.03896103896103896,0.1875
