Sample,office,x,y,Vito,Lily,Urza,Charlie,Heidi,Fritzy,ThorA,Cami
sample_72,Main Entrance,1,,0.0,0.2857142857142857,0.0,0.07777777777777778,0.0,0.1111111111111111,0.0,0.07317073170731707
sample_73,Main Entrance,2,,0.1875,0.16666666666666666,0.0,0.0379746835443038,0.0,0.0,0.0014925373134328358,0.19480519480519481
