Sample,office,x,y,Vito,Lily,Urza,Charlie,Heidi,Fritzy,ThorA,Cami
sample_29,PCR Lab,,,0.14285714285714285,,0.0,0.0,0.8333333333333334,0.0,0.0,0.014492753623188406
sample_33,PCR Lab,,,,,,0.16666666666666666,,,,0.09090909090909091
