sample_id,office,x,y,Vito,Urza,Charlie,Heidi,Fritzy,ThorA,Cami
sample_74,Bret,,,0.0,0.0,0.0,0.0,0.0,0.0,0.875
sample_75,Bret,,,0.0,0.0,0.0034482758620689655,0.0,0.0,0.05747126436781609,0.9527272727272728
