sample_id,office,x,y,Vito,Urza,Charlie,Heidi,Fritzy,ThorA,Cami
sample_76,Janet,,,,0.0,0.0,0.0,0.0,0.0,0.13333333333333333
sample_77,Janet,,,0.0,0.0,0.031578947368421054,0.0,0.017543859649122806,0.04,0.8943396226415095
