sample_id,office,x,y,Vito,Urza,Charlie,Heidi,Fritzy,ThorA,Cami
sample_72,Main Entrance,1,,0.0,0.0,0.07865168539325842,0.0,0.1111111111111111,0.6666666666666666,0.07317073170731707
sample_73,Main Entrance,2,,0.1875,0.0,0.03896103896103896,0.0,0.0,0.5769230769230769,0.19480519480519481
