sample_id,office,x,y,Vito,Urza,Charlie,Heidi,Fritzy,ThorA,Cami
sample_29,PCR Lab,,,0.14285714285714285,0.0,0.0,0.8181818181818182,0.0,0.0,0.014492753623188406
sample_31,PCR Lab,,,0.0,,0.0,,,0.0,0.0
sample_32,PCR Lab,,,,,,,,,0.0
sample_33,PCR Lab,,,0.5,,0.16666666666666666,0.3333333333333333,,,0.09090909090909091
