Sample,office,x,y,Vito,Lily,Urza,Heidi,Fritzy,ThorA,Cami
sample_66,Elevator,,,,,,,,0.0,0.2222222222222222
sample_67,Elevator,,,0.0,,0.0,0.0,0.2,0.024242424242424242,0.09401709401709402
sample_68,Elevator,,,,,,,0.0,0.010471204188481676,0.09090909090909091
sample_69,Elevator,,,0.02702702702702703,0.4666666666666667,0.025,0.023255813953488372,0.038461538461538464,0.010587102983638113,0.04560260586319218
sample_70,Elevator,,,,,0.0,,0.6,0.07407407407407407,0.26666666666666666
sample_71,Elevator,,,,,,,,0.0,0.13333333333333333
