Sample,office,x,y,Cami,Fritzy,Heidi,Lily,ThorA,Urza,Vito
sample_66,Elevator,,,0.2222222222222222,,,,,,
sample_67,Elevator,,,0.09401709401709402,0.2,0.0,,0.4,0.0,0.0
sample_68,Elevator,,,0.09090909090909091,0.0,,,0.4,,
sample_69,Elevator,,,0.04560260586319218,0.038461538461538464,0.023255813953488372,0.1111111111111111,0.6111111111111112,0.025,0.02702702702702703
sample_70,Elevator,,,0.26666666666666666,0.6,,,0.8571428571428571,0.0,
sample_71,Elevator,,,0.13333333333333333,,,,,,
