Sample,office,x,y,Vito,Lily,Urza,Heidi,Fritzy,ThorA,Cami
sample_76,Janet,,,,,,,,0.0,0.13636363636363635
sample_77,Janet,,,0.0,0.0,0.0,0.0,0.017543859649122806,0.0004723665564478035,0.9101694915254237
