Sample,office,x,y,Cami,Fritzy,Heidi,Lily,ThorA,Urza,Vito
sample_76,Janet,,,0.13636363636363635,,,,,,
sample_77,Janet,,,0.9101694915254237,0.017543859649122806,0.0,0.0,0.043478260869565216,0.0,0.0
