Sample,office,x,y,Vito,Lily,Urza,Heidi,Fritzy,ThorA,Cami
sample_78,Johannes,,,,,,,,0.018867924528301886,0.4583333333333333
sample_79,Johannes,,,0.0,,0.07142857142857142,0.0,0.3333333333333333,0.0,0.17272727272727273
