Sample,office,x,y,Vito,Lily,Urza,Heidi,Fritzy,ThorA,Cami
sample_72,Main Entrance,1,,0.0,0.375,0.0,0.0,0.1111111111111111,0.0030303030303030303,0.13333333333333333
sample_73,Main Entrance,2,,0.1875,0.16666666666666666,0.0,0.0,0.0,0.0029717682020802376,0.24293785310734464
