sample_id,office,x,y,Cami,Fritzy,Heidi,Lily,ThorA,Urza,Vito
sample_72,Main Entrance,1,,0.13333333333333333,0.1111111111111111,0.0,0.2857142857142857,0.125,0.0,0.0
sample_73,Main Entrance,2,,0.24293785310734464,0.0,0.0,0.16666666666666666,0.2222222222222222,0.0,0.1875
