sample_id,office,x,y,Vito,Lily,Urza,Charlie,Heidi,Fritzy,ThorA,Cami
sample_78,Johannes,,,,,0.0,0.0,0.0,,,0.6153846153846154
sample_79,Johannes,,,0.0,,0.07142857142857142,0.2222222222222222,0.0,0.3333333333333333,,0.06
