sample_id,office,x,y,Cami,Fritzy,Heidi,Lily,ThorA,Urza,Vito
sample_52,Tracy/Silke,2,1,0.043478260869565216,,,,,,
sample_54,Tracy/Silke,3,1,0.2857142857142857,,,,,,
sample_56,Tracy/Silke,1,2,0.4166666666666667,,,,,,
sample_57,Tracy/Silke,5,1,0.01948051948051948,,0.0,,,0.0,0.0
sample_59,Tracy/Silke,5,3,0.09644670050761421,0.07142857142857142,0.0,,0.42857142857142855,0.0,0.0
