Sample,office,x,y,Heidi,Fritzy,ThorA,Cami,Urza,Charlie,Vito
sample_74,Bret,,,,,,0.875,,0.0,0.0
sample_75,Bret,,,0.0,0.0,0.05747126436781609,0.9527272727272728,0.0,0.0034482758620689655,0.0
