Sample,office,x,y,Vito,Urza,Charlie,Heidi,Fritzy,ThorA,Cami
sample_74,Bret,,,0.0,,0.0,,,0.0,0.875
sample_75,Bret,,,0.0,0.0,0.003424657534246575,0.0,0.0,0.002612330198537095,0.9527272727272728
