Sample,office,x,y,Vito,Urza,Charlie,Heidi,Fritzy,ThorA,Cami
sample_66,Elevator,,,,,0.0,,,0.012345679012345678,0.0
sample_67,Elevator,,,0.0,0.0,0.0,0.0,0.2,0.05847953216374269,0.1111111111111111
sample_68,Elevator,,,,,0.0,,0.0,0.02072538860103627,0.07692307692307693
sample_69,Elevator,,,0.02702702702702703,0.025,0.0,0.023255813953488372,0.038461538461538464,0.032679738562091505,0.022388059701492536
sample_70,Elevator,,,,0.0,0.0,,0.6,0.024691358024691357,0.2
sample_71,Elevator,,,,,0.05555555555555555,,,0.0,0.07142857142857142
