sample_id,office,x,y,Heidi,Fritzy,ThorA,Cami,Urza,Charlie,Vito
sample_66,Elevator,,,,,,0.0,,,
sample_67,Elevator,,,0.0,0.2,0.625,0.1111111111111111,0.0,0.0,0.0
sample_68,Elevator,,,,0.0,0.5714285714285714,0.07692307692307693,,0.0,
sample_69,Elevator,,,0.025,0.038461538461538464,0.7,0.022388059701492536,0.025,0.0,0.02702702702702703
sample_70,Elevator,,,,0.6,0.2857142857142857,0.2,0.0,0.0,
sample_71,Elevator,,,,,0.0,0.07142857142857142,,0.0625,
