Sample,office,x,y,Vito,Urza,Charlie,Heidi,Fritzy,ThorA,Cami
sample_76,Janet,,,,,0.0,,,0.0,0.13333333333333333
sample_77,Janet,,,0.0,0.0,0.03103448275862069,0.0,0.017543859649122806,0.0013831258644536654,0.8943396226415095
