Sample,office,x,y,Vito,Urza,Charlie,Heidi,Fritzy,ThorA,Cami
sample_78,Johannes,,,,,0.0,,,0.0,0.6153846153846154
sample_79,Johannes,,,0.0,0.07142857142857142,0.21428571428571427,0.0,0.3333333333333333,0.01951219512195122,0.06
