Sample,office,x,y,Vito,Urza,Charlie,Heidi,Fritzy,ThorA,Cami
sample_72,Main Entrance,1,,0.0,0.0,0.07777777777777778,0.0,0.1111111111111111,0.056818181818181816,0.07317073170731707
sample_73,Main Entrance,2,,0.1875,0.0,0.0379746835443038,0.0,0.0,0.021739130434782608,0.19480519480519481
