Sample,office,x,y,Heidi,Fritzy,ThorA,Cami,Urza,Charlie,Vito
sample_81,Matthias,,,0.0,0.6666666666666666,0.05,0.05405405405405406,0.0,0.027777777777777776,0.0
