Sample,office,x,y,Vito,Urza,Charlie,Heidi,Fritzy,ThorA,Cami
sample_81,Matthias,,,0.0,0.0,0.027777777777777776,0.0,0.6666666666666666,0.004219409282700422,0.05405405405405406
