sample_id,office,x,y,Heidi,Fritzy,ThorA,Cami,Urza,Charlie,Vito
sample_29,PCR Lab,,,0.8181818181818182,0.0,0.0,0.014492753623188406,0.0,0.0,0.14285714285714285
sample_33,PCR Lab,,,,,,0.09090909090909091,,0.16666666666666666,
