Sample,office,x,y,Vito,Urza,Charlie,Heidi,Fritzy,ThorA,Cami
sample_52,Tracy/Silke,2,1,,,0.3333333333333333,0.0,,0.5,0.0
sample_53,Tracy/Silke,2,2,,,,,,0.0,
sample_54,Tracy/Silke,3,1,,0.0,,,0.0,0.25,0.0
sample_56,Tracy/Silke,1,2,0.0,,0.14285714285714285,,,0.02631578947368421,
sample_57,Tracy/Silke,5,1,0.0,0.0,0.0,0.0,0.0,0.13333333333333333,0.0
sample_59,Tracy/Silke,5,3,0.0,0.0,0.07207207207207207,0.0,0.07142857142857142,0.04666666666666667,0.011764705882352941
