Sample,office,x,y,Heidi,Fritzy,ThorA,Cami,Urza,Charlie,Vito
sample_52,Tracy/Silke,2,1,0.0,,0.5,0.0,,0.3333333333333333,
sample_54,Tracy/Silke,3,1,,0.0,0.3333333333333333,0.0,0.0,,
sample_56,Tracy/Silke,1,2,,,,,,0.14285714285714285,0.0
sample_57,Tracy/Silke,5,1,0.0,0.0,1.0,0.0,0.0,0.0,0.0
sample_59,Tracy/Silke,5,3,0.0,0.07142857142857142,0.8076923076923077,0.011764705882352941,0.0,0.07272727272727272,0.0
