sample_id,office,x,y,Vito,Lily,Urza,ThorAmod,Heidi,Fritzy,ThorA,Cami
sample_76,Janet,,,,,0.0,,0.0,0.0,0.0,0.13636363636363635
sample_77,Janet,,,0.0,0.0,0.0,0.0,0.0,0.017543859649122806,0.043478260869565216,0.9101694915254237
