sample_id,office,x,y,Vito,Lily,Urza,ThorAmod,Heidi,Fritzy,ThorA,Cami
sample_72,Main Entrance,1,,0.0,0.2857142857142857,0.0,0.0,0.0,0.1111111111111111,0.125,0.13333333333333333
sample_73,Main Entrance,2,,0.1875,0.16666666666666666,0.0,0.16666666666666666,0.0,0.0,0.2222222222222222,0.24293785310734464
