sample_id,office,x,y,Cami,Fritzy,Heidi,Lily,ThorA,Urza,Vito
sample_78,Johannes,,,0.4583333333333333,,0.0,,1.0,0.0,0.0
sample_79,Johannes,,,0.17272727272727273,0.3333333333333333,0.0,0.0,0.0,0.07142857142857142,0.0
