sample_id,office,x,y,Cami,Fritzy,Heidi,Lily,ThorA,Urza,Vito
sample_35,Mimi/Linda,1,1,,,,,,,
sample_36,Mimi/Linda,2,1,0.019150467962562995,0.0,0.0,0.5131578947368421,0.600609756097561,0.0,0.0013351134846461949
sample_37,Mimi/Linda,3,1,0.01797374148704627,0.0008291873963515755,0.0,0.09740259740259741,0.8923959827833573,0.0,0.0006357279084551812
sample_38,Mimi/Linda,4,1,0.016736401673640166,0.0,0.0,0.25,0.9032258064516129,0.0,0.0
sample_40,Mimi/Linda,3,3,0.018716772267132767,0.0026362038664323375,0.0,0.28125,0.6909413854351687,0.0005980861244019139,0.0006305170239596469
sample_41,Mimi/Linda,2,3,0.019043917605907502,0.0,0.0012121212121212121,0.9005847953216374,0.14948453608247422,0.0,0.0011534025374855825
sample_42,Mimi/Linda,1,3,0.01881303335919317,0.002652519893899204,0.0,0.2882882882882883,0.7228915662650602,0.0,0.0015408320493066256
sample_44,Mimi/Linda,3,2,0.02297165200391007,0.0,0.0,0.125,0.9099099099099099,0.0,0.00423728813559322
